"","ka","ks","omega"
"1",0.014235837040656,0,Inf
"2",0,0,NA
"3",0.00789388341447343,0.019568573861723,0.403395948537375
"4",0,0.0203140863954535,0
"5",0,0,NA
"6",0.00591390464745024,0,Inf
"7",0,0.0109568694143749,0
"8",0,0.00852574613919188,0
"9",0,0,NA
"10",0.0147985502405427,0.0101782218777543,1.45394258626712
"11",0.003020000685653,0.00304409867003643,0.992083704572186
"12",0.0143558246187643,0.0767140951428578,0.187134119121535
"13",0,0,NA
"14",0,0.0128319100370716,0
"15",0.00483791521665517,-1.52106136989455e-05,-318.061802923216
"16",0,0,NA
"17",0,0,NA
"18",0.00404860511630965,0,Inf
"19",0.00721493934961248,0,Inf
"20",0,0,NA
"21",0.00484797601329475,-1.07661274205627e-05,-450.298963026888
"22",0,0.0399649910663262,0
"23",0.003717489243759,0,Inf
"24",0,0.0237588585913213,0
"25",0,0,NA
"26",0.0397164502919483,0.0115909728082227,3.42649844401094
"27",0,0,NA
"28",0.00415588326276559,-1.27071846028219e-05,-327.049884979453
"29",0,0,NA
"30",0,0.0090352306355214,0
"31",0,0,NA
"32",0.00243605841200019,0.0326342212825751,0.0746473583943278
"33",0,0,NA
"34",0.00854721667965002,0.0174681113708372,0.489303995045481
"35",0,0.0144308936275785,0
"36",0.00406214514541784,0.0145790269885713,0.278629372769679
"37",0.0151462506820654,0.0183818404961418,0.823979007175283
"38",0.0143829350772091,-3.61630024785235e-05,-397.725135952161
"39",0,0.0171401743080819,0
"40",0.00404860511630965,0,Inf
"41",0.0163949114114954,0.0796941254693606,0.205722960317804
"42",0,0.0281842709307263,0
"43",0,0,NA
"44",0,0.00723251956656712,0
"45",0,0.013651468554633,0
"46",0.00696799090904694,-9.71818436760633e-05,-71.7005424621639
"47",0.00787417848406956,0,Inf
"48",0,0,NA
"49",0,0.0125277707821371,0
"50",0,0.0192175228093602,0
"51",0.0125998701889377,0,Inf
"52",0,0.0307809714716787,0
"53",0,0.0227915647358168,0
"54",0,0.013548799347386,0
"55",0,0,NA
"56",0,0.0198381901960002,0
"57",0,0,NA
"58",0,0,NA
"59",0,0.0114493129835603,0
"60",0,0,NA
"61",0.0378188253005641,-3.38802525448129e-05,-1116.24980512001
"62",0,0,NA
"63",0.00946993761639007,0.0230092664964929,0.411570599950829
"64",0.00527115467813558,0.0105891395712407,0.497788762030454
"65",0.00336701609067206,0.00630297540134859,0.534194705876791
"66",0,0,NA
"67",0,0,NA
"68",0.00332227135933426,0,Inf
"69",0.00909115954159527,0,Inf
"70",0,0,NA
"71",0,0,NA
"72",0.021279807209398,0,Inf
"73",0,0.02501153247672,0
"74",0.0079682961314063,0.0406838413262388,0.195858991473039
"75",0,0,NA
"76",0.00699312098736994,0.0109692046521433,0.637523066542797
"77",0,0,NA
"78",0,0,NA
"79",0,0,NA
"80",0,0.145149491479219,0
"81",0.0103096436013678,0,Inf
"82",0.00135992236664583,-5.23791050792645e-06,-259.630699033113
"83",0,0.0101546473600287,0
"84",0.0270336106351379,0,Inf
"85",0,0,NA
"86",0,0,NA
"87",0.0172552672674026,0.0146600691983078,1.17702495356532
"88",0.00751893868227025,0,Inf
"89",0,0.00778240306163061,0
"90",0,0.00666365795543972,0
"91",0.00657904228875549,0,Inf
"92",0,0.016374379209397,0
"93",0.00921685084441898,0,Inf
"94",0,0,NA
"95",0.0185699784314347,0.0244206845576357,0.760420060609169
"96",0,0,NA
"97",0,0.0143015104222408,0
"98",0,0.0456027044848487,0
"99",0,0,NA
"100",0.0111115683923551,0,Inf
"101",0,0.00450024021032976,0
"102",0,0.0205770289823815,0
"103",0,0,NA
"104",0,0,NA
"105",0.00276625878486285,0.00517411151860228,0.53463455028316
"106",0.0112364279260293,0,Inf
"107",0.00738579792439539,0.0330030488046953,0.223791382672034
"108",0,0,NA
"109",0,0.0179817706236605,0
"110",0.00638687581614912,-8.28991432728793e-05,-77.0439302988382
"111",0,0,NA
"112",0.00617596631204026,0.0217252202826555,0.284276349408107
"113",0,0,NA
"114",0.0214822248724442,0.0159515532370958,1.346716808899
"115",0,0.0125026051436654,0
"116",0,0,NA
"117",0,0.00849463701613831,0
"118",0,0.0201072489320207,0
"119",0.00913819768319592,-0.000185088801495222,-49.3719642105512
"120",0.00862090321725309,0.0276715906456295,0.311543464474266
"121",0,0.026604463667046,0
"122",0,0,NA
"123",0,0.0124878421130363,0
"124",0,0.026254991330639,0
"125",0,0,NA
"126",0,0,NA
"127",0,0.0171618125066889,0
"128",0.00575893503644303,0.0163665826625478,0.351871563855625
"129",0.00869587135593462,0,Inf
"130",0.00624644399972918,0.0156479399678742,0.399186347375651
"131",0,0,NA
"132",0,0.00357903582735619,0
"133",0,0,NA
"134",0,0,NA
"135",0,0,NA
"136",0.00628560242664255,0.0140197307392828,0.448339739438113
"137",0,0,NA
"138",0,0,NA
"139",0.00500966990673234,0.0120141590557715,0.416980488062187
"140",0.00312404020420553,0.00709383522062201,0.440388042158612
"141",0,0.0216148252115022,0
"142",0,0.0103571504805016,0
"143",0,0.055290110638498,0
"144",0,0,NA
"145",0,0.00976883025064008,0
"146",0.00271656892875258,0.00679103798901249,0.40002263765095
"147",0.00688961612728678,-0.000110728141299689,-62.2210040412387
"148",0,0.0351210354228472,0
"149",0,0,NA
"150",0,0,NA
"151",0.0118386057957273,0.0250904322393634,0.471837459107388
"152",0,0.0585287751329781,0
"153",0,0.0269763689697702,0
"154",0,0,NA
"155",0,0,NA
"156",0,0,NA
"157",0,0.00935155046124746,0
"158",0,0,NA
"159",0,0.0376581167475456,0
"160",0,0.0175619487752729,0
"161",0,0,NA
"162",0,0,NA
"163",0,0.0193559601462455,0
"164",0,0.0417887996485676,0
"165",0,0,NA
"166",0,0,NA
"167",0,0.0413376309889682,0
"168",0,0,NA
"169",0,0,NA
"170",0.00284091673371543,0,Inf
"171",0,0.0523489854890059,0
"172",0.00288931228692836,0.0277642013818302,0.104066104664521
"173",0,0,NA
"174",0.00260318888360085,0,Inf
"175",0.0240095742339694,-0.000114433085493947,-209.813220803518
"176",0,0.0133387970260086,0
"177",0,0,NA
"178",0.00980423569418817,0.00931193345953356,1.05286788579343
"179",0.00993482590255099,-6.45501708268159e-05,-153.908591957185
"180",0,0,NA
"181",0,0.00727188234090139,0
"182",0.0169507758378407,0.0771106887102991,0.219823945568998
"183",0,0,NA
"184",0,0,NA
"185",0.00900925275133922,0,Inf
"186",0,0.0355913722655929,0
"187",0.00276930835769361,0,Inf
"188",0.00350878632932327,0,Inf
"189",0.00324676465527416,0,Inf
"190",0,0,NA
"191",0.00970904292855087,0,Inf
"192",0,0,NA
"193",0,0.0202559186036922,0
"194",0,0.00533838827037231,0
"195",0,0,NA
"196",0.0109593428538231,0.0188237211272658,0.58220915937544
"197",0.00288185235837507,0.010210233302757,0.282251372022703
"198",0.00487548652985651,0.0129688951269013,0.375936923087867
"199",0.00402189673091252,0.0170559820015744,0.23580563878065
"200",0.00638418365757158,0.0332395739836993,0.192065748517185
"201",0.00381681242753549,0.0143718558658725,0.265575473561416
"202",0.00714297862373822,0,Inf
"203",0.00297079957610888,0.0136097748044633,0.218284256631095
"204",0.01050029347308,0.0225163424414945,0.466340992119991
"205",0,0,NA
"206",0.00669860967657149,0.0174999088586679,0.382779689349846
"207",0.00386102304695516,0.00656552516415887,0.588075279648983
"208",0.0151085752799372,0,Inf
"209",0,0,NA
"210",0,0.0111911985155756,0
"211",0,0.0133859003785779,0
"212",0,0.0115192541773097,0
"213",0,0.0143073338640122,0
"214",0,0.047638792036554,0
"215",0,0,NA
"216",0.00985253553966617,0.0166001857624337,0.593519595543473
"217",0.0060976365469091,0,Inf
"218",0,0.0137544785358935,0
"219",0.010417043451421,0,Inf
"220",0.0174384323121759,0.0190457628095504,0.915606924571776
"221",0,0,NA
"222",0.00847477915688671,0.0153559917778966,0.551887450805052
"223",0,0,NA
"224",0,0,NA
"225",0,0.0331493739625372,0
"226",0,0,NA
"227",0,0,NA
"228",0.0184352679041638,0,Inf
"229",0,0,NA
"230",0,0,NA
"231",0,0,NA
"232",0,0,NA
"233",0,0,NA
"234",0,0.039898178347001,0
"235",0,0.058306149340144,0
"236",0,0.00491103642789137,0
"237",0.00179856309042474,0.00676017463431016,0.266052755693089
"238",0.00567887464211691,0.0272606994057393,0.208317276002145
"239",0.0064480982758611,0.00270705974787793,2.38195639417112
"240",0,0.0115601286417874,0
"241",0,0,NA
"242",0.0123463062951858,0.0303402142510669,0.406928777530029
"243",0.0152683619300409,0,Inf
"244",0,0.0101444895797829,0
"245",0,0,NA
"246",0.00196402352187299,-2.80046571261492e-06,-701.320324339588
"247",0,0.0132130586010178,0
"248",0,0,NA
"249",0.0228106859095316,0.0235176832976474,0.969937626118703
"250",0,0,NA
"251",0.00667953076193134,0.0381852143638004,0.174924532262507
"252",0,0,NA
"253",0.00825262476814901,0.0282856104944278,0.291760532083081
"254",0,0,NA
"255",0,0.0148324687531543,0
"256",0,0,NA
"257",0.00427353028922917,0.0072366400288749,0.590540675255004
"258",0.0220300905008837,0.0442193069973402,0.498200718120906
"259",0,0,NA
"260",0,0.0142263147726375,0
"261",0.00716858157320362,0.0288907384697973,0.248127322210809
"262",0,0.0398172689566637,0
"263",0.0384805205680642,0.0457736504743991,0.840669690296738
"264",0,0.0364864519994279,0
"265",0,0,NA
"266",0.00500167079917346,-6.64978989972917e-05,-75.2154710839386
"267",0.00757052050258027,0,Inf
"268",0.00620649574034473,0,Inf
"269",0,0.0210175262969663,0
"270",0.00749077680780845,0.01308633381064,0.572412175648307
"271",0.0136100317211029,0.0135253119141891,1.00626379690548
"272",0.0042826814294615,0.00789972073352631,0.542130737772268
"273",0.00886719915149826,0.0185007632437171,0.479288288525586
"274",0.00499179525718015,0.0145263140000226,0.343638121630332
"275",0.0151262590351869,0.0116181386781011,1.30195201264882
"276",0.00970904292855087,0,Inf
"277",0.0157562944976517,0,Inf
"278",0.00394511226495657,0.00858640357245822,0.459460381947446
"279",0,0.0136844541072486,0
"280",0,0.0159666920396354,0
"281",0,0.0127798817391147,0
"282",0,0,NA
"283",0.0078246317928132,0.0270665644758158,0.289088472968359
"284",0,0.0256311296304467,0
"285",0,0.0161518172613972,0
"286",0,0.0178851621312585,0
"287",0,0,NA
"288",0.00980423569418817,0,Inf
"289",0.00684942217908096,0.0131702205658364,0.520068904301298
"290",0.0038740686967201,0,Inf
"291",0,0.0255649480112944,0
"292",0.0228519388326464,0,Inf
"293",0.00890892165839695,0,Inf
"294",0.0118348720429524,0,Inf
"295",0,0.0114316827679897,0
"296",0,0.014422578215056,0
"297",0,0.0127236860602394,0
"298",0.0241010509089388,0,Inf
"299",0.00237740393655826,0.0058430646971994,0.406876195928099
"300",0.0104430696199446,0,Inf
"301",0.00851842065177939,0.0219913779487467,0.387352746682473
"302",0,0.00961657020694904,0
"303",0,0,NA
"304",0,0,NA
"305",0,0,NA
"306",0,0.0623473010491974,0
"307",0,0.00815485153549278,0
"308",0,0,NA
"309",0,0,NA
"310",0,0.0101344735757786,0
"311",0.0223442735279766,-0.000181387339123208,-123.18540883826
"312",0,0,NA
"313",0,0.0177692857048171,0
"314",0.0123463062951858,0,Inf
"315",0,0,NA
"316",0,0,NA
"317",0,0.0393111821330086,0
"318",0.0143894822750217,0,Inf
"319",0,0.0119098273303575,0
"320",0.00819690488783818,0.0643473919049166,0.127385192238256
"321",0.0232610751909888,-6.63921870624879e-06,-3503.58622304394
"322",0.0131571336259793,0,Inf
"323",0,0,NA
"324",0,0,NA
"325",0.00994088587948372,0.0125001398813507,0.795261970973207
"326",0,0,NA
"327",0,0.0282212199571769,0
"328",0,0,NA
"329",0,0.0255299119150464,0
"330",0.00677273834997591,0.0148535557799973,0.455967476763812
"331",0,0.0291910087457865,0
"332",0,0,NA
"333",0.00284495788883934,0.0294236410688859,0.0966895253438823
"334",0,0,NA
"335",0,0,NA
"336",0.00900925275133922,0,Inf
"337",0.00806469096494186,0.0301957599844097,0.267080244680237
"338",0,0,NA
"339",0.00886064683137133,0,Inf
"340",0,0.0277042464734293,0
"341",0.00970904292855087,0,Inf
"342",0.0197919964921859,0.0135569549867821,1.45991459818837
"343",0,0,NA
"344",0.00881080067490981,0,Inf
"345",0,0,NA
"346",0,0,NA
"347",0,0,NA
"348",0.00450020597464798,0.0214471228015681,0.209827957637233
"349",0,0.00735532761963437,0
"350",0.0229271394759822,-0.00039627526896077,-57.8565993686875
"351",0,0,NA
"352",0.00833352624260582,0,Inf
"353",0.0100003333533347,0.0654323429231052,0.152834713026964
"354",0,0,NA
"355",0.00540545805210784,0.00967579377206256,0.558657840322652
"356",0.00649359776340556,0,Inf
"357",0,0.0114338874125151,0
"358",0,0,NA
"359",0,0.0187077798885417,0
"360",0.00538638993245134,0.0204061154193574,0.263959593570747
"361",0,0.0333658517054688,0
"362",0,0,NA
"363",0,0.00784533783098759,0
"364",0,0,NA
"365",0,0,NA
"366",0.01344737505027,0.0142681320924591,0.942476209438596
"367",0,0,NA
"368",0,0,NA
"369",0,0,NA
"370",0.0136527253451337,0,Inf
"371",0.0156262717520523,0,Inf
"372",0.00616963742050483,0,Inf
"373",0,0.00583453862807074,0
"374",0,0,NA
"375",0,0,NA
"376",0,0.017609729751487,0
"377",0.0102476245134608,0,Inf
"378",0,0,NA
"379",0.00584364436822426,0.014072290467606,0.415258936111086
"380",0,0,NA
"381",0.00884297602090142,0.0245615688140955,0.36003302915352
"382",0,0,NA
"383",0,0.00563307827726812,0
"384",0,0,NA
"385",0,0.00812973727899181,0
"386",0,0.0786181440973975,0
"387",0.00215207268986631,-3.30194867819589e-06,-651.758370466908
"388",0,0,NA
"389",0,0,NA
"390",0.00887537496831968,-2.49858928311636e-05,-355.215442101388
"391",0,0.00907822159072816,0
"392",0.00701765905819179,0,Inf
"393",0,0,NA
"394",0,0,NA
"395",0,0,NA
"396",0,0,NA
"397",0,0,NA
"398",0.0145732189267364,0.0389697833586654,0.373962020589367
"399",0,0.0159773782107325,0
"400",0,0.00627134781522573,0
"401",0.00329904935424694,0,Inf
"402",0.00746499257528093,0.0245133997082857,0.304527020491479
"403",0,0.0238302478154123,0
"404",0.00689666106616788,0.0153498670456441,0.449297772134448
"405",0,0,NA
"406",0.0102044358156035,0.0228633655359794,0.446322559097657
"407",0,0.0208454022347627,0
"408",0.00482754879230021,0.0121418466275067,0.397595929219174
"409",0,0.0140274390858764,0
"410",0,0.0170323615629137,0
"411",0,0.00629907807950976,0
"412",0,0,NA
"413",0,0.0188162376782595,0
"414",0,0.0118295603965058,0
"415",0.00404860511630965,0.0160376475020562,0.252443827300143
"416",0,0.0153114311604628,0
"417",0,0.0086622537509923,0
"418",0,0.0194150366268069,0
"419",0,0,NA
"420",0,0,NA
"421",0,0,NA
"422",0,0.0194150366268069,0
"423",0,0,NA
"424",0,0,NA
"425",0.00642289048481967,0.0148203041050298,0.433384527017892
"426",0,0.0588826414087123,0
"427",0,0,NA
"428",0.00591909279346228,0.0293014691194307,0.202006690153879
"429",0.0275623512420291,0.0179031699316047,1.53952352277978
"430",0,0,NA
"431",0.00251663191287398,0.0151874209739548,0.165705021095406
"432",0,0.0082686711404101,0
"433",0,0,NA
"434",0,0,NA
"435",0.00486345111491105,0,Inf
"436",0,0.0524135340901896,0
"437",0.0127822618739389,0.0319538661966329,0.400022388379589
"438",0,0,NA
"439",0,0,NA
"440",0,0,NA
"441",0,0,NA
"442",0,0.0162680641019014,0
"443",0.00370205750044849,0,Inf
"444",0,0.00824513472195993,0
"445",0,0,NA
"446",0,0.013516233954447,0
"447",0,0.030369833048736,0
"448",0.0394356541052599,0.023726272252593,1.66210914573612
"449",0.0117652487050971,0,Inf
"450",0.0172430880355847,0,Inf
"451",0.00387436657465089,0.0185355007270047,0.209024111714784
"452",0,0,NA
"453",0,0,NA
"454",0,0,NA
"455",0.00504720994749243,0.0269131678926178,0.187536820920916
"456",0,0,NA
"457",0,0,NA
"458",0,0.0129695373108617,0
"459",0,0.00356372241662163,0
"460",0.0101013536587597,0,Inf
"461",0,0.0733936709143652,0
"462",0,0.0192695407362217,0
"463",0,0.0253530543211735,0
"464",0,0,NA
"465",0.0102044358156035,0,Inf
"466",0.0199196993261314,-0.00020565422388358,-96.8601517146952
"467",0.0128625114380364,-3.49335216199958e-05,-368.199678748504
"468",0.00262467794307187,0.00496137924111866,0.529021833549671
"469",0.0102044358156035,0.0538096084943191,0.189639659182446
"470",0,0,NA
"471",0,0.0101277566012578,0
"472",0,0.0142304645494177,0
"473",0.012316282881777,0.0274607617889834,0.448504778433276
"474",0,0,NA
"475",0,0,NA
"476",0.00705479075816,0.007084470484476,0.99581059355374
"477",0,0,NA
"478",0.011838859378417,0.0341571468915323,0.346599773570431
"479",0,0.0288399362859653,0
"480",0,0,NA
"481",0.00382969299935149,0,Inf
"482",0,0.0460826384585464,0
"483",0,0,NA
"484",0,0,NA
"485",0,0,NA
"486",0,0,NA
"487",0.0290843962417234,-2.29297805661961e-05,-1268.41145111527
"488",0,0,NA
"489",0,0,NA
"490",0,0,NA
"491",0,0.00888786289665679,0
"492",0.00909115954159527,0,Inf
"493",0.0178365082875254,0.0479948083640701,0.371634118261804
"494",0.0073592723063628,0.0188761653959554,0.389871149780223
"495",0,0,NA
"496",0.00869587135593462,0,Inf
"497",0,0,NA
"498",0,0.0156300892453335,0
"499",0,0,NA
"500",0,0,NA
"501",0,0.0065287262547293,0
"502",0,0,NA
"503",0.00717160876378419,0.0542325013569149,0.132238207428169
"504",0.00366499565900995,-2.52763887301548e-05,-144.996807025586
"505",0,0.0177388180882599,0
"506",0,0.00484656908950833,0
"507",0.0301655083620883,-1.76121001178715e-05,-1712.77179667395
"508",0,0,NA
"509",0,0,NA
"510",0,0.0199629706510357,0
"511",0.00549124328710514,0,Inf
"512",0,0,NA
"513",0,0,NA
"514",0.00671151016607039,0,Inf
"515",0,0,NA
"516",0,0,NA
"517",0,0,NA
"518",0.00852899145228828,0,Inf
"519",0.00908214405407499,0,Inf
"520",0.00401914832425143,-1.57843378290389e-06,-2546.288838837
"521",0,0,NA
"522",0,0,NA
"523",0.013998510951459,0.0116458586549075,1.20201621591553
"524",0.0182764115145429,-0.000227104543191671,-80.4757635302701
"525",0.0129877432016304,0.0441971616974151,0.293859214094962
"526",0,0,NA
"527",0,0,NA
"528",0,0,NA
"529",0.0191106064100988,0,Inf
"530",0,0,NA
"531",0,0,NA
"532",0,0.0190213718066519,0
"533",0.0303553187180112,0.0464715399449142,0.653202341777212
"534",0.00566213572583364,0.0875767906244335,0.0646533823112482
"535",0.00965688738094113,0.00623153962124315,1.54967920736973
"536",0.00490503233912334,0.0176268948596747,0.278269790463472
"537",0,0,NA
"538",0.00796109250512778,0,Inf
"539",0,0,NA
"540",0,0.0365533558933604,0
"541",0.00751138633068027,0.00829055725191313,0.906017062839406
"542",0.00974408496607211,0.0121303794905811,0.803279483023439
"543",0,0.0169246562884844,0
"544",0.0046729312091188,0,Inf
"545",0,0,NA
"546",0.00295858851404426,0.00553670147660587,0.534359406326155
"547",0,0,NA
"548",0,0.0404645748828499,0
"549",0,0,NA
"550",0,0.00522501087555892,0
"551",0,0,NA
"552",0,0,NA
"553",0,0,NA
"554",0,0.00877672994050282,0
"555",0,0,NA
"556",0.00452196782422452,0.0108525109856312,0.416674798137652
"557",0.00496504302476736,0.0158076904503724,0.314090349906263
"558",0,0,NA
"559",0.0154452435096693,0.0141164185374847,1.09413329370024
"560",0.0289529579187352,-0.00024326042237483,-119.020421144064
"561",0,0.023883552610189,0
"562",0,0,NA
"563",0,0.0111829480717234,0
"564",0,0,NA
"565",0.0216893704140646,0.0125991408305222,1.721495989752
"566",0,0,NA
"567",0,0.0205527592005477,0
"568",0.00762703174794644,0,Inf
"569",0.00459509756483293,0,Inf
"570",0.00204661126190149,0.0194186557469398,0.105394075088025
"571",0,0,NA
"572",0,0,NA
"573",0,0,NA
"574",0,0.0636947004434646,0
"575",0,0.0182097601613996,0
"576",0,0,NA
"577",0,0,NA
"578",0,0,NA
"579",0.00657904228875549,0,Inf
"580",0,0,NA
"581",0,0.0137912143649511,0
"582",0.00626505226834709,-7.84693792170548e-05,-79.8407268014352
"583",0.0036021433560758,0.0129652080766386,0.277831511440709
"584",0.00689052943380158,0,Inf
"585",0.0378045755920433,0,Inf
"586",0,0.0181656061479011,0
"587",0.00943424215219137,0,Inf
"588",0,0.0277073157871675,0
"589",0,0.0262305908424505,0
"590",0.0157229365919088,0,Inf
"591",0.00473937197727187,0,Inf
"592",0.00366848585610867,0.0273038052709521,0.134358043492622
"593",0,0,NA
"594",0,0.0585915575225343,0
"595",0,0.0465115916716844,0
"596",0,0,NA
"597",0,0.0122666048873532,0
"598",0,0.0103682317549593,0
"599",0,0.0122294905254195,0
"600",0,0,NA
"601",0,0.00608277388294753,0
"602",0,0.0174280534869221,0
"603",0,0.012652580611611,0
"604",0,0.0111471259736933,0
"605",0.0204109972601276,0,Inf
"606",0.00285623497942092,0.00739229009166181,0.386380261597504
"607",0.0103794787202731,-4.79168273429302e-06,-2166.14481714106
"608",0.00157948329482704,0.0182246692442975,0.0866673229376306
"609",0.0190562705735702,-1.93064542855508e-05,-987.041446954463
"610",0.00386102304695516,0,Inf
"611",0,0,NA
"612",0.0037313606007948,0.026102047851436,0.142952791368418
"613",0.0061350462959072,0,Inf
"614",0.00712406866493757,-0.000107816134257455,-66.0760906890421
"615",0,0,NA
"616",0,0.0155763976721818,0
"617",0.00191892287060574,0.00893388535174891,0.214791526312802
"618",0.00932511845395417,0.00580487063787745,1.60643001983657
"619",0,0,NA
"620",0.042193159032539,0.0369606862294097,1.14156860537307
"621",0.00424384525304936,0.0121218877382923,0.350097719486653
"622",0.013423625018094,0.0123009766483605,1.09126497853186
"623",0,0,NA
"624",0.0153858293333768,0,Inf
"625",0.00970904302281925,0.0170863952743957,0.568232378269303
"626",0,0.0140020942937987,0
"627",0,0,NA
"628",0,0.0569681932852746,0
"629",0.00401608584863213,0.00794128521494307,0.505722403859149
"630",0,0.0238178443814781,0
"631",0,0,NA
"632",0,0,NA
"633",0,0.0220600169898852,0
"634",0.0369894733842917,-0.000334871460882069,-110.458721345974
"635",0,0.0485550145619739,0
"636",0,0.0164268741635599,0
"637",0.0050000416672917,0.0206280938511168,0.242389902982771
"638",0,0,NA
"639",0,0,NA
"640",0.00655747103891397,0,Inf
"641",0,0.0311725635222477,0
"642",0.01108428072189,0.0146818690261836,0.754963874294366
"643",0.0143715863700102,-3.0682476812117e-05,-468.397204632926
"644",0.0131290379118434,0.0133132230102385,0.986165251024986
"645",0,0.0401281307401913,0
"646",0,0,NA
"647",0,0,NA
"648",0.00425960080360601,0.0302161397944167,0.140971045030481
"649",0.00773776573329196,0.00502938523401651,1.53851124406959
"650",0.0042826814294615,0.00848336439297264,0.504832897783943
"651",0,0,NA
"652",0.0132458077234881,0,Inf
"653",0,0,NA
"654",0.00418158141386804,0,Inf
"655",0,0.0133846567646674,0
"656",0,0.0271369229524667,0
"657",0.00829894570451892,0.0123602321582902,0.671423125248719
"658",0,0.0145029401464977,0
"659",0,0.00372743677445009,0
"660",0,0,NA
"661",0.00451230261764224,0,Inf
"662",0.00947354438716641,-0.000200698700416506,-47.2028187900876
"663",0,0,NA
"664",0,0,NA
"665",0.0093607162006517,0.0400939647370628,0.233469457611377
"666",0,0.03485298364461,0
"667",0.00401397335712605,0,Inf
"668",0,0,NA
"669",0.00219013515764423,0.024683136494568,0.0887300184936467
"670",0.00294008651511327,0,Inf
"671",0,0,NA
"672",0.00772772385709264,0.0152060080740766,0.508202009327284
"673",0,0.0233316592892402,0
"674",0,0,NA
"675",0.00486317899065553,0,Inf
"676",0,0,NA
"677",0,0,NA
"678",0,0.0166551022290506,0
"679",0,0.0603824166560602,0
"680",0,0.0262404882292257,0
"681",0.00657904228875549,0,Inf
"682",0.0024154636348328,0.00913324135473745,0.264469484711458
"683",0,0.00897283698883366,0
"684",0,0.0189058326334076,0
"685",0,0.0165813265542581,0
"686",0.00625203569813339,0.0261161029411298,0.239393898554718
"687",0.00418412483525829,0.00767654765793063,0.545052935473628
"688",0,0,NA
"689",0,0.041375782362442,0
"690",0,0,NA
"691",0,0.0119138480299853,0
"692",0,0,NA
"693",0,0.0229169615883413,0
"694",0,0,NA
"695",0,0.0195112066033012,0
"696",0,0.0195262843830995,0
"697",0.00487121518238884,-1.41108852275522e-05,-345.209751467437
"698",0,0,NA
"699",0.00772216121373678,0.028042403739846,0.275374439558625
"700",0.00664606928305708,-1.80235354103943e-05,-368.743930184987
"701",0,0.010157076638834,0
"702",0,0,NA
"703",0,0,NA
"704",0,0.0229714734384315,0
"705",0,0,NA
"706",0.0153268705455012,0,Inf
"707",0,0,NA
"708",0,0.0623868809922116,0
"709",0,0.0527597313780143,0
"710",0,0,NA
"711",0,0,NA
"712",0,0,NA
"713",0.011677813717682,-1.61241110153075e-05,-724.245430126079
"714",0,0,NA
"715",0,0,NA
"716",0,0.0284849769307563,0
"717",0.00272246195819963,0.0253831661533388,0.107254624649791
"718",0,0.0142390780802855,0
"719",0.00452491775995893,0,Inf
"720",0,0.017700963525458,0
"721",0.025245368096437,0.0266118169679476,0.948652552617643
"722",0,0,NA
"723",0.00281640912334392,0.013912837957759,0.202432396028392
"724",0,0,NA
"725",0.0210816230509423,0.015021161028045,1.40346162401044
"726",0,0,NA
"727",0.00327210209105145,0.0254338225308889,0.128651605045901
"728",0,0,NA
"729",0.00117164669898691,0.00647787570091997,0.18086896894618
"730",0,0,NA
"731",0,0.0120946146631059,0
"732",0.00829041546004188,0.00860981649208956,0.9629026899306
"733",0.0115802360722955,0.012072615770998,0.959215160322973
"734",0,0,NA
"735",0,0,NA
"736",0,0,NA
"737",0.0120298783364738,0.0123405971601071,0.97482141102233
"738",0,0.00787575560462445,0
"739",0,0.0138542381321697,0
"740",0,0.0135217688721205,0
"741",0.00428985446281015,0,Inf
"742",0.0103630652585585,0,Inf
"743",0,0.00664844500984184,0
"744",0,0,NA
"745",0,0,NA
"746",0.00925952388361877,0,Inf
"747",0,0,NA
"748",0.0414458936955263,-0.000840698875810288,-49.2993328385025
"749",0.00645134285754215,-5.65267704994158e-06,-1141.28983498338
"750",0,0,NA
"751",0,0.0114211742417159,0
"752",0,0.0426742514022594,0
"753",0,0.0157825521192463,0
"754",0,0,NA
"755",0,0.0129183526962833,0
"756",0,0,NA
"757",0,0.110684452800065,0
"758",0,0.0206589246387895,0
"759",0,0,NA
"760",0,0.0491781291812673,0
"761",0,0,NA
"762",0.00390831388914808,0.027914910897444,0.1400081090535
"763",0,0,NA
"764",0.00900925275133922,0.0159309663912372,0.56551828244988
"765",0,0,NA
"766",0,0,NA
"767",0,0,NA
"768",0,0,NA
"769",0.00585100573948841,0.0424086794741401,0.137967175871539
"770",0.0149264815748406,0,Inf
"771",0,0,NA
"772",0.00912767719084186,-0.000221453806070831,-41.2170707417078
"773",0.0031348065067977,0.0177732608149106,0.176377679900348
"774",0.0074628251083379,0,Inf
"775",0.0145995773461312,0,Inf
"776",0,0.0214464554050677,0
"777",0,0,NA
"778",0,0,NA
"779",0,0.0162339696146521,0
"780",0,0,NA
"781",0,0,NA
"782",0.00657904228875549,0.0127070842381938,0.517746019891864
"783",0.00780441835102995,-4.26337730349952e-06,-1830.57182028525
"784",0,0.00491915658040425,0
"785",0,0,NA
"786",0.00325078750668357,0,Inf
"787",0.00344098344979552,0,Inf
"788",0,0,NA
"789",0,0.032692982792683,0
"790",0.00536198168148782,0.0101506072900431,0.528242451734635
"791",0,0,NA
"792",0,0.0573423866257466,0
"793",0,0,NA
"794",0,0.0138031181898798,0
"795",0,0,NA
"796",0,0.0123179583027612,0
"797",0,0,NA
"798",0,0,NA
"799",0,0.0143823537614205,0
"800",0,0.00663113588603813,0
"801",0.0169023850050218,0.0679139754357599,0.248879334431096
"802",0,0.0119969240233566,0
"803",0,0.015753893127215,0
"804",0,0.0216952858200882,0
"805",0.00696875392189084,0.0131711383705512,0.529092757651987
"806",0.0144362191121026,0.0235130039696863,0.613967450977943
"807",0.00934606650607627,0.0183014588099782,0.510673307691771
"808",0,0,NA
"809",0.00888479408878149,0.0253067096348685,0.351084523313126
"810",0,0.00774316581499226,0
"811",0.00665106756073408,0.0164242266691313,0.404954686434918
"812",0,0.0092105883052858,0
"813",0.0176840781086805,-0.000126373463750166,-139.935059021893
"814",0,0,NA
"815",0,0,NA
"816",0.00879736039335317,0.0189030624066512,0.465393395212922
"817",0,0,NA
"818",0,0,NA
"819",0,0.00397651050664097,0
"820",0,0,NA
"821",0.0114497222540353,0.0706105590263918,0.162153117209506
"822",0,0.0175071806071935,0
"823",0.00434356300372822,0.0256568911249367,0.169294205700027
"824",0,0.090203224226051,0
"825",0.0156262717520523,0,Inf
"826",0,0,NA
"827",0,0,NA
"828",0,0,NA
"829",0,0,NA
"830",0,0,NA
"831",0,0.0175600859429711,0
"832",0,0,NA
"833",0.00278940751351947,0.00532746350103854,0.523590168750231
"834",0.00509886899822962,0,Inf
"835",0,0,NA
"836",0,0,NA
"837",0,0.0171169921946813,0
"838",0,0,NA
"839",0.00668906297308803,0.0126843689957861,0.527346924022017
"840",0.00671151016607039,0,Inf
"841",0,0.0216427949577687,0
"842",0.00699312098736994,0.013086707996381,0.534368229909601
"843",0,0,NA
"844",0,0,NA
"845",0.0205156983389313,0.0193113495168516,1.06236481924936
"846",0,0.0486558129729797,0
"847",0,0,NA
"848",0.00606068026617241,0.0133563778189371,0.453766758348165
"849",0,0,NA
"850",0,0.0254620994229986,0
"851",0,0.0492039369782599,0
"852",0.00144092318744448,0.00264921917901001,0.543904860292811
"853",0,0,NA
"854",0.0118699936515364,0,Inf
"855",0,0,NA
"856",0,0.0383490389904269,0
"857",0.00467958734406606,0.0112857725900396,0.414644837713289
"858",0.00813026043589016,0,Inf
"859",0.0058140189975595,0,Inf
"860",0,0.00929912197024579,0
"861",0.013025667925971,0.0745427427044739,0.174740926526027
"862",0,0,NA
"863",0.041510784420688,0,Inf
"864",0,0,NA
"865",0,0.0162572099733495,0
"866",0.0161231928367322,0.0171807260780419,0.938446533836466
"867",0,0,NA
"868",0,0,NA
"869",0,0,NA
"870",0,0,NA
"871",0,0,NA
"872",0,0.0134460543497876,0
"873",0.00576897474617768,0.0129972846939665,0.443859997069674
"874",0,0.0243419064198755,0
"875",0.0084035591581906,0,Inf
"876",0.00366865400676526,-3.72529774917543e-05,-98.4794841587437
"877",0,0.0320893832981511,0
"878",0.00598809552335781,0.0122167243319232,0.490155573676202
"879",0.0492725068777958,0,Inf
"880",0,0,NA
"881",0.00161551029072316,0.0210643885711075,0.0766939085494767
"882",0.0247668814318292,0.0513340487330333,0.482464992399709
"883",0,0.00900854295716158,0
"884",0.00585656956050693,0.0463672371089737,0.126308357488341
"885",0,0.0115794188129189,0
"886",0.00598450823997153,0,Inf
"887",0,0,NA
"888",0,0.0228633655359794,0
"889",0.00507618573200895,0,Inf
"890",0,0,NA
"891",0,0,NA
"892",0.00759416211515191,0.00765568019762894,0.991964387110098
"893",0.00816344664371444,0.0581069812601154,0.140489945729083
"894",0,0.0423205003783705,0
"895",0,0,NA
"896",0.00766298523911339,0,Inf
"897",0.00561404538751745,0,Inf
"898",0.0050000416672917,0.0205727566838164,0.243041890016858
"899",0.00554022288828598,0,Inf
"900",0.0125006511027086,0,Inf
"901",0.00258637733293019,0.0116782902320514,0.221468835038181
"902",0,0,NA
"903",0.0284436872010257,0.0149080805801544,1.9079375811055
"904",0,0.0120115419036932,0
"905",0,0,NA
"906",0,0.0124564725128183,0
"907",0,0,NA
"908",0.0480617667760948,0,Inf
"909",0.0101013536587597,0,Inf
"910",0.0105348286246022,-6.17833617973363e-05,-170.512389066152
"911",0,0,NA
"912",0.005743561999977,0,Inf
"913",0.0311116880022457,-0.000161871147219597,-192.200330550811
"914",0.00350878632932327,0.0069469343997908,0.505084131704041
"915",0,0.0244120970244442,0
"916",0,0,NA
"917",0,0.0624217189569576,0
"918",0.0195523786070747,-2.21705825893095e-06,-8819.06396835181
"919",0,0.0205447843594476,0
"920",0,0.0126493018217046,0
"921",0,0,NA
"922",0,0,NA
"923",0.0254335134586563,0.0143942134263277,1.76692624357905
"924",0,0,NA
"925",0,0.00322277123130435,0
"926",0,0,NA
"927",0.0223774022131089,0.0227365731869642,0.984202941626167
"928",0.00868868320032149,0.0553249123647995,0.157048295766478
"929",0,0,NA
"930",0,0,NA
"931",0,0.0300456437407131,0
"932",0.00732613839343521,0,Inf
"933",0.0115434031474844,0,Inf
"934",0,0,NA
"935",0.0143894822750217,0,Inf
"936",0,0,NA
"937",0.00471497006851206,0,Inf
"938",0,0,NA
"939",0,0.0111731958039731,0
"940",0.0108932323046096,-0.000305899264707206,-35.6105213755128
"941",0.029341208116683,0,Inf
"942",0.0177928961805032,0.0375280325812212,0.474122807850222
"943",0,0,NA
"944",0,0,NA
"945",0.00561803666502559,0.027711316291819,0.202734384966194
"946",0,0,NA
"947",0.0306218126203593,0,Inf
"948",0,0,NA
"949",0.00486338299505401,0.0259737706021693,0.187242086239409
"950",0,0.0138160883666105,0
"951",0,0,NA
"952",0.0184765303979148,0.00774479531718122,2.38567058795292
"953",0,0.0143275818082224,0
"954",0.00531647512352978,-6.87848233527451e-05,-77.291397497172
"955",0,0,NA
"956",0,0.0127419555242075,0
"957",0.00269542431743819,0.00455474199866809,0.591784192875554
"958",0,0,NA
"959",0,0.013661245967441,0
"960",0,0,NA
"961",0.00159334346678751,0,Inf
"962",0,0.0337204612122127,0
"963",0.015502230998111,-8.83950012480072e-05,-175.374520948496
"964",0,0.0173596976292414,0
"965",0,0.0177496561532365,0
"966",0.0248987668280416,0.052425769124076,0.47493374430261
"967",0.00657840917816775,-1.96806690108481e-05,-334.257396155675
"968",0.0036851974404181,0.0338197057053099,0.10896598191981
"969",0.00934606650607627,0,Inf
"970",0.0052910546652685,0,Inf
"971",0,0,NA
"972",0.0352231896557274,0.0372278129150632,0.946152537515179
"973",0.00427142607798543,0.0111924864174058,0.381633349256765
"974",0.0185206358401745,0.0684829034416958,0.270441743988592
"975",0.0181923200974185,0.0816843572451716,0.222714858890487
"976",0.00890013017751582,0,Inf
"977",0.0116149101381732,-1.9944120310832e-05,-582.372647033469
"978",0,0.0185027674596626,0
"979",0.00268432539390178,0,Inf
"980",0.00851084378471537,0,Inf
"981",0.00776349237462997,0.00838885527842331,0.925453130011455
"982",0.0146573592101791,0.0153999085216812,0.951782225819286
"983",0.00793667457814508,0.0259205199631151,0.306192722578057
"984",0.00942651785794788,0.0206743260945884,0.455952847740722
"985",0,0,NA
"986",0,0,NA
"987",0.00900925275133922,0.016672843624668,0.540354900108925
"988",0.0167969315460457,-5.72775563259703e-06,-2932.55030826618
"989",0,0,NA
"990",0.00677419763468416,0.0173565815905318,0.390295612033396
"991",0.0226505822660719,0.103823400013503,0.218164520359823
"992",0.0147333297713846,0.0183781824237035,0.801675020505951
"993",0.0096156809639438,0,Inf
"994",0,0,NA
"995",0.00418279852670701,0,Inf
"996",0.00744892734031848,0,Inf
"997",0.00548870948588714,0.00581541126248521,0.943821380491937
"998",0,0,NA
"999",0,0.0135375190673563,0
"1000",0,0,NA
"1001",0,0.00349358650939134,0
"1002",0,0.00582989345779597,0
"1003",0,0,NA
"1004",0.005780411200538,0,Inf
"1005",0,0.028098789979856,0
"1006",0.00321400474091395,0.0238897607310542,0.134534823395535
"1007",0,0,NA
"1008",0,0,NA
"1009",0,0,NA
"1010",0,0,NA
"1011",0,0.0212886450212538,0
"1012",0,0,NA
"1013",0,0.00350359829218747,0
"1014",0.00285633158752764,0,Inf
"1015",0,0,NA
"1016",0.0156601079534547,0.0196857705012593,0.795503937854651
"1017",0,0,NA
"1018",0,0.018201958072844,0
"1019",0,0,NA
"1020",0.0053735861243954,0.0129519372217638,0.414886671575731
"1021",0,0,NA
"1022",0.00561530090819596,0,Inf
"1023",0,0,NA
"1024",0.00558665029906263,0,Inf
"1025",0,0.0567311968124404,0
"1026",0,0,NA
"1027",0.00714145070395051,0.0158556703212214,0.450403581764204
"1028",0,0,NA
"1029",0,0,NA
"1030",0,0,NA
"1031",0,0,NA
"1032",0.00694455608033355,0.0132653343643,0.52351157457613
"1033",0,0.0153503101180826,0
"1034",0,0,NA
"1035",0,0,NA
"1036",0.0129877432016304,0,Inf
"1037",0,0,NA
"1038",0,0.0100642431663307,0
"1039",0,0,NA
"1040",0.00625615823033615,0.0277604816299691,0.225362020505518
"1041",0.00499769776843037,0,Inf
"1042",0,0,NA
"1043",0,0.0409187198118866,0
"1044",0.00975640711179086,0.0089540633659449,1.08960666381897
"1045",0.00160841063949665,-6.4331995823092e-06,-250.017214438621
"1046",0,0.0145293787350987,0
"1047",0,0,NA
"1048",0,0.0269468367913059,0
"1049",0,0,NA
"1050",0,0,NA
"1051",0,0.0420033284687834,0
"1052",0,0,NA
"1053",0.0114525790845151,-6.6517875440514e-05,-172.172953640966
"1054",0.00363637966453994,0.0211908680370026,0.17160126041983
"1055",0.006445675800964,0.015588658319986,0.413484962506369
"1056",0,0,NA
"1057",0,0,NA
"1058",0,0,NA
"1059",0.00142450238803744,0,Inf
"1060",0,0,NA
"1061",0,0,NA
"1062",0,0,NA
"1063",0.018742104561448,0,Inf
"1064",0.00472816762101772,0.0210099966965411,0.225043710825338
"1065",0,0,NA
"1066",0,0,NA
"1067",0,0.00812222470019293,0
"1068",0.0163949114114954,0.0246955232276126,0.663881921447361
"1069",0,0,NA
"1070",0,0.0369291966394089,0
"1071",0,0.0764983517380916,0
"1072",0.00559816371432938,0,Inf
"1073",0,0,NA
"1074",0.00311527487531808,0.0236106157471453,0.131943821740216
"1075",0,0.0146370492508296,0
"1076",0.00888912301064198,0,Inf
"1077",0,0,NA
"1078",0,0,NA
"1079",0.00441373313289278,-2.44348363330585e-06,-1806.3280935184
"1080",0,0,NA
"1081",0,0,NA
"1082",0,0.0129773876174754,0
"1083",0,0.0139986319258063,0
"1084",0,0,NA
"1085",0,0,NA
"1086",0,0.00933229820877937,0
"1087",0,0,NA
"1088",0.00788256746718426,-0.000173520751401771,-45.4272322100135
"1089",0,0.00871244822168032,0
"1090",0.0248489906862385,-1.58720574347329e-05,-1565.58094553396
"1091",0,0,NA
"1092",0.00984935356176084,0.0100777059381747,0.977340837506597
"1093",0.0116284310821336,0,Inf
"1094",0.00694455608033355,0,Inf
"1095",0.00225479525298753,0.0167989210055638,0.134222623717365
"1096",0.00798930888652619,0.0282263339810035,0.283044510558936
"1097",0,0,NA
"1098",0,0,NA
"1099",0,0.0183539552520326,0
"1100",0,0.0246703566128834,0
"1101",0,0.0165813265542581,0
"1102",0.00380229969260961,0.00806418025385727,0.471504799361458
"1103",0,0.0158284838326012,0
"1104",0,0.0262399950261137,0
"1105",0.00952409748534721,0,Inf
"1106",0,0.0226658785923988,0
"1107",0,0,NA
"1108",0,0.0128233235968876,0
"1109",0.00201005295833293,0.0133376955030306,0.150704666925122
"1110",0,0,NA
"1111",0,0.035896423772744,0
"1112",0.0125030213996946,0,Inf
"1113",0,0.0184395774678775,0
"1114",0.00363642935685962,0.0226486780283731,0.160558128483442
"1115",0.00080213929255091,0.00386260208501261,0.207668114627524
"1116",0,0,NA
"1117",0,0.0440677722338444,0
"1118",0.00625615823033615,-1.97381048725166e-05,-316.958404605867
"1119",0.00249066517510208,0.0204122748700471,0.122018010778253
"1120",0.0146599528395809,0.0312452230729215,0.469190212064318
"1121",0.00735307369484774,0,Inf
"1122",0.00268817851819025,0,Inf
"1123",0,0,NA
"1124",0,0,NA
"1125",0,0.0172102723033523,0
"1126",0,0.0199802702949564,0
"1127",0.00819690488783818,0,Inf
"1128",0,0,NA
"1129",0.0063898633231994,0,Inf
"1130",0,0,NA
"1131",0.00267303569271557,0.00635574617293056,0.420569925227687
"1132",0,0,NA
"1133",0,0.00903921014204515,0
"1134",0,0.0117125155808835,0
"1135",0,0,NA
"1136",0,0.0171930981698668,0
"1137",0.018794339562166,-7.17586628666729e-05,-261.910392576374
"1138",0,0,NA
"1139",0,0,NA
"1140",0.00522163440799818,0.0292490696195781,0.178523094098796
"1141",0.00434543137446598,0,Inf
"1142",0.0038668027929581,0.0193774311502443,0.199551878831439
"1143",0.00740754289257034,0.0128886838467564,0.574732298553088
"1144",0,0.0224803074748085,0
"1145",0.0139782287166011,0,Inf
"1146",0,0,NA
"1147",0,0.0282435875606592,0
"1148",0,0,NA
"1149",0,0,NA
"1150",0,0,NA
"1151",0,0,NA
"1152",0.0079682961314063,0,Inf
"1153",0,0,NA
"1154",0,0.0253597293804832,0
"1155",0.0177460471856497,0.0160932759001827,1.10269949360951
"1156",0,0.016294488935964,0
"1157",0,0.0150484562581945,0
"1158",0,0,NA
"1159",0,0,NA
"1160",0,0,NA
"1161",0.00641034421453073,0,Inf
"1162",0.0101012009210965,0.0139641237546794,0.723368046470624
"1163",0.0016077184269872,0.0154817561477402,0.103845998583427
"1164",0,0,NA
"1165",0,0.00347162785489949,0
"1166",0,0,NA
"1167",0,0,NA
"1168",0.0113527031496675,-0.000121711809026371,-93.2752806854408
"1169",0,0.0101102320838099,0
"1170",0,0,NA
"1171",0.0166653601634595,0.0112104434439249,1.48659241240727
"1172",0,0,NA
"1173",0.0172344760523439,-3.53571713851542e-05,-487.439333441146
"1174",0,0,NA
"1175",0.0372555986830031,0,Inf
"1176",0,0,NA
"1177",0.0263486203809133,0.0126476470303516,2.08328239376718
"1178",0.00464040453723639,0.00822609005250611,0.564108161668213
"1179",0.0202532675169074,0,Inf
"1180",0,0,NA
"1181",0,0.0284937425111487,0
"1182",0.00684942217908096,0.0386860146635359,0.17705163580825
"1183",0,0.0108539284617678,0
"1184",0.00772216121373678,0,Inf
"1185",0.00729939971057632,0.0151324133895009,0.482368510738728
"1186",0.00846662516611305,-0.000202465359834055,-41.8176480808988
"1187",0.00471701611667936,0.030139729873655,0.156504923449977
"1188",0,0,NA
"1189",0.0131372379861975,0,Inf
"1190",0,0.0152190157691805,0
"1191",0,0,NA
"1192",0,0,NA
"1193",0.0256103594737248,-0.00048141523626052,-53.1980659205095
"1194",0,0,NA
"1195",0.00275802800221371,0.031645342597598,0.0871543101076444
"1196",0.00461690583826825,0.0119669776618978,0.385803831903877
"1197",0.0121207671708061,-2.11062730634982e-05,-574.273209407498
"1198",0,0.0248359922743667,0
"1199",0,0,NA
"1200",0,0.020372988146513,0
"1201",0,0,NA
"1202",0,0.0156226470869774,0
"1203",0,0.012815170272257,0
"1204",0.0206561181011902,0,Inf
"1205",0.0111736493459983,0,Inf
"1206",0,0.0452549676442548,0
"1207",0.0110910277629874,0,Inf
"1208",0,0,NA
"1209",0,0.0116501547929609,0
"1210",0,0,NA
"1211",0.0273767048921549,0,Inf
"1212",0.0172224538368778,-3.65447958874264e-05,-471.269668325152
"1213",0.00714297862373822,0,Inf
"1214",0.0196103565766407,0,Inf
"1215",0,0.0149692297248133,0
"1216",0,0.03066446649443,0
"1217",0,0,NA
"1218",0.0028159693271985,0.0166390919237007,0.169238161560213
"1219",0,0,NA
"1220",0,0,NA
"1221",0.0101784685343721,0,Inf
"1222",0,0,NA
"1223",0,0.0125189366215333,0
"1224",0.0336724167772034,0.0124293707970943,2.70910067185986
"1225",0.0123463062951858,0.022387342108848,0.551486024341687
"1226",0,0,NA
"1227",0,0.0306265615348125,0
"1228",0,0,NA
"1229",0,0,NA
"1230",0.0285792069199743,0,Inf
"1231",0,0,NA
"1232",0.0239205433991737,0.0813954701824867,0.293880523640252
"1233",0.00434785348377696,0.0171092133827622,0.254123517341685
"1234",0.00156336260436,0.0157560748678576,0.0992228469001031
"1235",0,0,NA
"1236",0,0.0195545843489984,0
"1237",0,0.0129943392780472,0
"1238",0.0114114586369565,0.0124406833249918,0.917269440821811
"1239",0.0102820301333024,0.0236190092442713,0.435328596003502
"1240",0,0,NA
"1241",0.00472621372735441,0.0118211804014222,0.399808950279265
"1242",0.0131691256539599,0.0711462485339961,0.185099368207267
"1243",0.022177622870092,0.0229893925506699,0.964689381035677
"1244",0.0105094287091901,0.00678902457625143,1.54800274931291
"1245",0.0182548185157331,-1.83809519895766e-05,-993.137816043749
"1246",0.00611628421781723,0,Inf
"1247",0,0,NA
"1248",0,0,NA
"1249",0.0186960759181325,-1.59632761556222e-05,-1171.19291402773
"1250",0,0,NA
"1251",0,0.025516474374777,0
"1252",0,0,NA
"1253",0,0.0171861496816644,0
"1254",0,0,NA
"1255",0.0163949114114954,0.030536142558441,0.536901849345191
"1256",0.0157836344540708,0,Inf
"1257",0.00675685958336143,0,Inf
"1258",0.00724650365128341,0.0375365468881914,0.193051952084678
"1259",0,0.030560398763155,0
"1260",0,0,NA
"1261",0,0,NA
"1262",0,0.012428745664964,0
"1263",0.00684942217908096,0,Inf
"1264",0,0,NA
"1265",0,0,NA
"1266",0,0,NA
"1267",0,0,NA
"1268",0.00806469096494186,0,Inf
"1269",0,0,NA
"1270",0,0.0339142838679056,0
"1271",0,0.0154202567037546,0
"1272",0,0,NA
"1273",0,0,NA
"1274",0,0.0152190157691805,0
"1275",0,0.0255537220786916,0
"1276",0,0.0171814012770502,0
"1277",0,0.0138302749184817,0
"1278",0,0.0379252678138336,0
"1279",0,0.0868431655871251,0
"1280",0.00528721275062386,0,Inf
"1281",0,0,NA
"1282",0.00709231749597819,0,Inf
"1283",0.00314362782253586,0.0157676872782879,0.199371522725761
"1284",0.00775209326798263,0.014474006116636,0.535587259360945
"1285",0,0.0606321507460199,0
"1286",0.0324349287870153,0.0349290758001393,0.928593959158973
"1287",0.040420006669649,0.020222870799074,1.99872743445999
"1288",0.0131404563066751,0,Inf
"1289",0,0.0166551022290506,0
"1290",0.00519261725880289,0,Inf
"1291",0.0147069426031467,0,Inf
"1292",0.0366017020116475,0,Inf
"1293",0.0216249918969083,0,Inf
"1294",0,0,NA
"1295",0,0.00960072153397421,0
"1296",0.00990131364808986,0,Inf
"1297",0,0,NA
"1298",0,0.0161702042547542,0
"1299",0.00615023263237591,0,Inf
"1300",0,0.0148406239604199,0
"1301",0,0,NA
"1302",0.00273131372754114,0.00698100210105242,0.391249520914682
"1303",0.00876877734357972,-2.24705229003501e-05,-390.234681340819
"1304",0,0.00534254214057825,0
"1305",0,0,NA
"1306",0.00934695144281176,-0.000223460155437344,-41.8282687780219
"1307",0,0.0200436559949642,0
"1308",0.0129039419779363,0,Inf
"1309",0,0,NA
"1310",0.00555561271253531,0.00524290963560842,1.05964304149038
"1311",0.0109566851933331,0.0331620418418214,0.330398388784234
"1312",0,0.0169275428155022,0
"1313",0.00622604684596544,0,Inf
"1314",0,0,NA
"1315",0,0,NA
"1316",0,0.00507136998367243,0
"1317",0.00524665108984254,0.0261448139874773,0.20067655070545
"1318",0,0,NA
"1319",0.0190346025136177,-5.6086608376355e-05,-339.378740570134
"1320",0,0.00395576893054281,0
"1321",0.00538664510655038,0.0133103853647885,0.404694902433126
"1322",0,0,NA
"1323",0.00704236994086951,0.015396804331224,0.457391663189997
"1324",0,0,NA
"1325",0.0121957265620795,0.129605359597662,0.0940989369570757
"1326",0,0,NA
"1327",0,0,NA
"1328",0,0,NA
"1329",0.0147069428194564,0.0232483433192412,0.632601756499542
"1330",0,0,NA
"1331",0.00375330884860047,-2.93745918284932e-05,-127.773991567767
"1332",0.0163726536701141,0.0357597167160685,0.457851884009951
"1333",0,0,NA
"1334",0,0,NA
"1335",0,0,NA
"1336",0.0103379853849065,-0.000264020672377407,-39.1559694618487
"1337",0.00664461605934135,0.0284867548550812,0.233252825502381
"1338",0,0.0129361634038034,0
"1339",0,0,NA
"1340",0,0,NA
"1341",0.00726305274680856,-3.66522732075704e-05,-198.161044628152
"1342",0,0,NA
"1343",0,0.0096057542880373,0
"1344",0,0,NA
"1345",0,0,NA
"1346",0.0143378999883331,0.0122412289765383,1.17127945370627
"1347",0,0.00869596296177958,0
"1348",0,0.0378181430552652,0
"1349",0,0,NA
"1350",0,0.0342206167610058,0
"1351",0,0.0442562838406055,0
"1352",0.0216892234137975,0.0904607828414839,0.239763826185364
"1353",0.00858390181118275,0.0496212034018473,0.172988585981435
"1354",0,0,NA
"1355",0,0,NA
"1356",0,0,NA
"1357",0.00204706415162437,0.0102714714666619,0.199296094845662
"1358",0,0.0089205729369653,0
"1359",0.00792783516061071,-0.000153115919512097,-51.7766877923125
"1360",0,0.0126360363139159,0
"1361",0.0081226387804338,0,Inf
"1362",0.00555237361418522,0,Inf
"1363",0,0,NA
"1364",0.0156262717520523,0,Inf
"1365",0,0,NA
"1366",0,0,NA
"1367",0.0214114146252459,0,Inf
"1368",0,0.0110684134433097,0
"1369",0.00921685084441898,0.0320879397434937,0.287237227385028
"1370",0.00581036505016312,0.0313917018456851,0.185092387750292
"1371",0,0.0293512092651981,0
"1372",0,0.0244436478317089,0
"1373",0,0,NA
"1374",0.00250000520835292,0.00477944434973586,0.523074446612416
"1375",0.00625512525364791,-4.99231026303055e-06,-1252.95202503115
"1376",0,0,NA
"1377",0.00869587135593462,0.034966527684901,0.248691303703273
"1378",0,0.0453218552391621,0
"1379",0,0.0128537223045269,0
"1380",0,0,NA
"1381",0,0.043309949030811,0
"1382",0,0,NA
"1383",0,0.0161702042547542,0
"1384",0,0.0152017103636679,0
"1385",0,0,NA
"1386",0.00823635284288878,-3.46706243679667e-05,-237.559980330167
"1387",0,0,NA
"1388",0,0,NA
"1389",0.0418336468708757,0.0306367262196742,1.36547379674044
"1390",0.0129204579919639,0.0371312618525396,0.347967113083182
"1391",0,0,NA
"1392",0,0,NA
"1393",0,0.0144686930159893,0
"1394",0.0191947365331979,0,Inf
"1395",0,0,NA
"1396",0,0.0144686930159893,0
"1397",0.00663037006216913,0.0367931201929095,0.180206789405344
"1398",0,0,NA
"1399",0.00680282602788934,0.0114767499556304,0.592748474453951
"1400",0.00670590287551273,0,Inf
"1401",0.0142866864261513,0.0860734712952558,0.165982459068533
"1402",0,0.0130131929919494,0
"1403",0,0,NA
"1404",0,0,NA
"1405",0,0.0210026253570437,0
"1406",0,0,NA
"1407",0,0,NA
"1408",0,0.0190213718066519,0
"1409",0,0.0173992000502666,0
"1410",0,0,NA
"1411",0,0,NA
"1412",0.0339112981693805,0,Inf
"1413",0,0.0112942723056968,0
"1414",0.017424233813069,-6.60505874113694e-05,-263.801345240871
"1415",0.0056748958591435,-2.1318595791713e-05,-266.194636578712
"1416",0.0114784015038905,0,Inf
"1417",0,0,NA
"1418",0.020836348200284,0,Inf
"1419",0,0.0221722924643531,0
"1420",0,0.006408561641262,0
"1421",0.00352114131270648,0.00664549554353957,0.529853837029439
"1422",0.00459341685578971,0.0262546040074164,0.174956623017135
"1423",0,0.0160189628403212,0
"1424",0.011743066974088,0.0296492070128947,0.396066814501339
"1425",0.0182954175983562,0.0208137093847588,0.879008025919364
"1426",0.0143440530762233,0.0422957618949929,0.339136888273464
"1427",0,0,NA
"1428",0,0,NA
"1429",0.00568279675959465,0.014456776390179,0.393088791458044
"1430",0,0,NA
"1431",0,0,NA
"1432",0,0.0321502749106815,0
"1433",0.00751820007356598,0.0309705167893821,0.242753458868452
"1434",0,0,NA
"1435",0,0.0322791207522256,0
"1436",0.00781230611859562,-9.54171091030795e-06,-818.753176661007
"1437",0.00423731349548612,0.00765453683870797,0.553568894470348
"1438",0.0177982186372325,-1.45595797906524e-05,-1222.44040646417
"1439",0,0,NA
"1440",0.025453112554201,-2.95130108256246e-05,-862.437001246294
"1441",0,0.0158864052030944,0
"1442",0,0,NA
"1443",0,0.00772239728739847,0
"1444",0.00453878930658373,0.00476201504557095,0.953123680448085
"1445",0,0.0321539324694279,0
"1446",0.00632540285421155,0,Inf
"1447",0,0.0159955993931436,0
"1448",0,0.0174735329641262,0
"1449",0,0,NA
"1450",0,0.0120470947443409,0
"1451",0,0.0291225549402104,0
"1452",0,0,NA
"1453",0.025215426813446,0.0139717165198278,1.8047479547457
"1454",0,0.0150457656012027,0
"1455",0.0058085250679488,0.0270956662900976,0.214370999618916
"1456",0,0,NA
"1457",0,0.0453135346808584,0
"1458",0.0161304311091107,0,Inf
"1459",0.00588242078979322,0.00995437321909526,0.590938340397876
"1460",0.0058140189975595,0,Inf
"1461",0.00645170241795389,0.0671325015823666,0.0961040072376586
"1462",0,0,NA
"1463",0,0.0512919299331541,0
"1464",0,0,NA
"1465",0.0127395426504925,0.0119024461543726,1.07032978643742
"1466",0.00605537124286668,0,Inf
"1467",0.0158739083575481,0,Inf
"1468",0,0,NA
"1469",0,0,NA
"1470",0,0.0130895007924861,0
"1471",0.0135601531095969,0.0389675861963153,0.347985452352169
"1472",0.00749077680780845,0,Inf
"1473",0,0.0119366604996015,0
"1474",0.00218525879509013,0,Inf
"1475",0,0.0077071378340871,0
"1476",0.00369266185661508,0.00976948724543378,0.377979085682416
"1477",0,0.0368362462412476,0
"1478",0,0.0150588684304261,0
"1479",0,0,NA
"1480",0,0,NA
"1481",0,0.0158284838326012,0
"1482",0,0,NA
"1483",0.00286123813703316,0.00569806858000702,0.502141751517781
"1484",0,0,NA
"1485",0.0122393445067655,0.114252706470182,0.107125204162755
"1486",0.010192475549363,0.0290037923298766,0.351418719091565
"1487",0.0250052102873307,0,Inf
"1488",0.00625008138211573,0,Inf
"1489",0,0,NA
"1490",0.0086902177226299,0,Inf
"1491",0.0140078497949995,0.0281941392478043,0.496835518611918
"1492",0,0,NA
"1493",0,0,NA
"1494",0.00541598878921335,-2.0290661287195e-05,-266.920269997867
"1495",0,0.014797594744205,0
"1496",0,0,NA
"1497",0.00763373606539419,0.013661245967441,0.558787689174748
"1498",0,0.0491452338842356,0
"1499",0,0.0322588300876177,0
"1500",0,0,NA
"1501",0,0.052357708191387,0
"1502",0.00556769103654637,0,Inf
"1503",0.00708749269954163,0.045294075310632,0.156477257807667
"1504",0,0.0352354826073677,0
"1505",0,0.0224817773095134,0
"1506",0,0.0046585685649441,0
"1507",0,0,NA
"1508",0.0114947591123494,0,Inf
"1509",0,0,NA
"1510",0,0.00774161504428299,0
"1511",0,0.0178881312095191,0
"1512",0,0.0224481812652421,0
"1513",0,0.0123179583027612,0
"1514",0,0.0113474322879246,0
"1515",0.0162360266086535,0,Inf
"1516",0,0,NA
"1517",0,0,NA
"1518",0,0,NA
"1519",0.0099505771586474,0,Inf
"1520",0.00718886588137366,0,Inf
"1521",0,0.0711423020862858,0
"1522",0.0231255088253778,0.0228367204040288,1.01264579222584
"1523",0.0102969462991617,0,Inf
"1524",0.00540545805210784,0,Inf
"1525",0.00541710219780869,0,Inf
"1526",0,0,NA
"1527",0,0.0356009632187512,0
"1528",0.00869587135593462,0,Inf
"1529",0.0127024315947648,0,Inf
"1530",0,0,NA
"1531",0.00526016105283794,0,Inf
"1532",0.00444215561121136,0.0222420223877403,0.199719051342195
"1533",0.00324050110668454,0.0150687390798196,0.215047927336156
"1534",0.00605694467698426,0,Inf
"1535",0,0.0371905918857016,0
"1536",0.00813026043589016,0,Inf
"1537",0.0045326863809416,0,Inf
"1538",0.0123079716579537,0,Inf
"1539",0.00793667457814508,0,Inf
"1540",0,0.0442510523071726,0
"1541",0.00588846808941421,0.0133842396339632,0.43995536918451
"1542",0.00602416925808729,0,Inf
"1543",0.00662261337501036,0.011581487349014,0.571827536087079
"1544",0.00613175480999386,-8.23761123690708e-05,-74.4360790239977
"1545",0.00668741128285082,-1.53104275960748e-05,-436.788015284779
"1546",0,0.0107471690717255,0
"1547",0,0,NA
"1548",0.00303491068353789,0.0120638251267819,0.251571176773803
"1549",0,0,NA
"1550",0,0,NA
"1551",0,0,NA
"1552",0,0.0108108208497232,0
"1553",0,0.0765560505556453,0
"1554",0,0.0266028617987719,0
"1555",0.0059260578054849,-2.22028074387784e-05,-266.905787559762
"1556",0,0.0247132150286352,0
"1557",0.00540198983360495,0,Inf
"1558",0.00653604078367635,0,Inf
"1559",0,0.0115265830084383,0
"1560",0,0,NA
"1561",0,0.00786010922409505,0
"1562",0,0,NA
"1563",0,0.0195674463731384,0
"1564",0.0181015243319803,0,Inf
"1565",0.00793667457814508,0.0316459921915386,0.250795567732812
"1566",0.0191070735687143,-1.63390683594085e-05,-1169.41022268947
"1567",0,0,NA
"1568",0.0171379729889695,0.0130786670852478,1.31037611686748
"1569",0.00913267403035066,0.0332073627202897,0.275019552358809
"1570",0,0.0424081188597315,0
"1571",0,0.0129295031145709,0
"1572",0,0.0348222038176803,0
"1573",0.00528861031919855,0,Inf
"1574",0.00916006385709729,0.0100410924799333,0.91225769261694
"1575",0,0,NA
"1576",0,0,NA
"1577",0.00590771344970421,0,Inf
"1578",0,0.00484877219675659,0
"1579",0,0,NA
"1580",0,0.0135280140170493,0
"1581",0,0.0252901657218162,0
"1582",0,0,NA
"1583",0.00877215482545476,0,Inf
"1584",0.00832755111452531,0.0451182263540338,0.184571774811817
"1585",0,0.0307809714716787,0
"1586",0,0,NA
"1587",0,0,NA
"1588",0,0,NA
"1589",0,0,NA
"1590",0.00956967010534864,0,Inf
"1591",0.00353238214337402,0,Inf
"1592",0.00535849108266175,0,Inf
"1593",0,0.00501813769362493,0
"1594",0.00580762852011902,-8.19944594750082e-05,-70.8295238154374
"1595",0.0152102983503559,0,Inf
"1596",0,0,NA
"1597",0,0,NA
"1598",0,0.0250208646392456,0
"1599",0.00934946447325596,-0.000155774216665516,-60.0193322963804
"1600",0.00787417848406956,0.0160693920634087,0.490010975710756
"1601",0.00371615498190101,0,Inf
"1602",0.00566294059482923,0,Inf
"1603",0.0121730305551499,-1.43804119706261e-05,-846.50082209153
"1604",0,0.0146753886305034,0
"1605",0,0,NA
"1606",0,0.00514432356644817,0
"1607",0.0152473575011776,0,Inf
"1608",0,0,NA
"1609",0,0.0537691005620369,0
"1610",0,0,NA
"1611",0,0,NA
"1612",0.0161767576513199,0,Inf
"1613",0.00883889463136329,0.0432641376668952,0.204300723602001
"1614",0.00502516792675075,0.0323225238944718,0.155469540162061
"1615",0,0.015614558945759,0
"1616",0.0132492451346706,0,Inf
"1617",0,0,NA
"1618",0,0,NA
"1619",0,0,NA
"1620",0,0,NA
"1621",0,0,NA
"1622",0.00344828952953012,0.00611512523409111,0.563895161182686
"1623",0.00495053549135577,0,Inf
"1624",0,0,NA
"1625",0,0,NA
"1626",0,0.0138080235563247,0
"1627",0.00438599303641852,0.0219226464708903,0.200066768500892
"1628",0,0.0127570782124458,0
"1629",0,0.0172722156816109,0
"1630",0.0144087501936634,-2.13320108615489e-05,-675.452037183951
"1631",0,0.00306584467631486,0
"1632",0.00930259391551724,0,Inf
"1633",0.00775209326798263,0,Inf
"1634",0,0,NA
"1635",0,0.00971558126332695,0
"1636",0.00526046269348197,0.0144671674602473,0.363613866220642
"1637",0.00198754278312133,0.0193730013816494,0.102593436296556
"1638",0.00492614822150582,0,Inf
"1639",0,0.0168804713180547,0
"1640",0,0,NA
"1641",0.0121218058049963,0.0865762054974936,0.140013133346982
"1642",0,0,NA
"1643",0.00298508349325188,0,Inf
"1644",0.00606068026617241,0.0400168585705053,0.151453174553774
"1645",0.00862090321725309,0.0163993206214533,0.525686607161968
"1646",0.00433510119604649,0.0139431455999297,0.310912710835377
"1647",0,0,NA
"1648",0,0,NA
"1649",0.00214133089600047,0.00979379211374762,0.218641652909364
"1650",0.0105223744434066,0.00592722097389783,1.7752627225718
"1651",0,0,NA
"1652",0,0,NA
"1653",0,0,NA
"1654",0.00636951288871486,0,Inf
"1655",0.0191410932855085,0,Inf
"1656",0.0136705569649445,0.0321256571883152,0.425533924016247
"1657",0.0164850976627493,0.0157863051949,1.04426573914681
"1658",0,0.0398624480522593,0
"1659",0.0137300700864294,0.0738600897576772,0.185892951544948
"1660",0,0.0453070551913093,0
"1661",0,0.011895322670164,0
"1662",0.00804272566009384,-0.000184784359303957,-43.524926516449
"1663",0,0.0128606431139884,0
"1664",0.0155594422882256,0,Inf
"1665",0,0,NA
"1666",0,0,NA
"1667",0,0,NA
"1668",0,0,NA
"1669",0.0105718869390252,0,Inf
"1670",0.00793667457814508,0.0128886838467564,0.61578627209034
"1671",0.00842782202237846,-3.71640313057583e-05,-226.773622943123
"1672",0.00199352251359493,0,Inf
"1673",0.00813651376659811,-4.04468535683409e-07,-20116.555550731
"1674",0.00507375742729427,0,Inf
"1675",0,0.0553797514486686,0
"1676",0.0102567699165514,0,Inf
"1677",0.00393702821545293,0,Inf
"1678",0.0111115683923551,0.0207502322030421,0.535491279501253
"1679",0,0,NA
"1680",0,0,NA
"1681",0.00354692646873124,0,Inf
"1682",0,0,NA
"1683",0.00938149845858233,-1.25446146977803e-05,-747.850666170111
"1684",0,0,NA
"1685",0,0,NA
"1686",0,0,NA
"1687",0,0,NA
"1688",0,0,NA
"1689",0.00495053549135577,0.0258359178204326,0.19161446191939
"1690",0.00621125999927856,0,Inf
"1691",0,0,NA
"1692",0.0178475874863612,0.0891160943937635,0.200273447885864
"1693",0,0,NA
"1694",0.00737899839230758,-3.51307094582757e-05,-210.044104035858
"1695",0.00651475014516695,0,Inf
"1696",0.0132458077234881,0.0797021377820928,0.166191373181262
"1697",0,0,NA
"1698",0,0,NA
"1699",0,0.0115056522839211,0
"1700",0.00650703922852576,0.0130281733939515,0.49945905936029
"1701",0,0.0335193323247796,0
"1702",0.00305716114148749,0,Inf
"1703",0.0138897820535378,0,Inf
"1704",0,0,NA
"1705",0.00655273524218608,0,Inf
"1706",0,0,NA
"1707",0.0148878768090089,0.104259931239754,0.142795766618846
"1708",0,0.00538509104364488,0
"1709",0.00705999377890507,0.0429473014635268,0.164387366337808
"1710",0.00762417669459368,0.0351694150080757,0.216784290919909
"1711",0.0268498838921366,0,Inf
"1712",0,0,NA
"1713",0,0.0128000381658622,0
"1714",0.0268956376365376,0.0126812188489919,2.12090319998505
"1715",0,0.00672493202650908,0
"1716",0,0,NA
"1717",0.00728217268040997,0.0413508821748726,0.176106827651553
"1718",0.0161304311091107,0,Inf
"1719",0.00438509566422197,0.00989373816521599,0.443219295982475
"1720",0,0,NA
"1721",0,0.0124509885587063,0
"1722",0,0.0215478040451272,0
"1723",0,0,NA
"1724",0.00680282602788934,0,Inf
"1725",0.00589977346557752,0.0105363815353529,0.55994303602066
"1726",0,0,NA
"1727",0.0127471204686622,-6.73277063906071e-07,-18932.9492300076
"1728",0.0155353563249021,0,Inf
"1729",0.00377360281769145,0,Inf
"1730",0,0.0194284669887044,0
"1731",0.00818014155260343,0,Inf
"1732",0.00605636983975453,0.0388577314475623,0.155860098213079
"1733",0,0,NA
"1734",0.0157319689922896,0.0171948404005713,0.914923815853907
"1735",0.00892880870000324,0.0153324955841081,0.582345427789187
"1736",0.0055710882766209,0,Inf
"1737",0,0,NA
"1738",0.00786790298270566,0,Inf
"1739",0,0,NA
"1740",0,0,NA
"1741",0,0,NA
"1742",0,0.00584704509761125,0
"1743",0.0366144552972546,0.0147018811357517,2.49046057162143
"1744",0.00527413018299152,0.0326934236076422,0.161320828503219
"1745",0,0,NA
"1746",0,0.0293445252122792,0
"1747",0,0.0152190157691805,0
"1748",0,0,NA
"1749",0.0239616564678241,0.0560059132488532,0.427841545255308
"1750",0,0.0231253863541946,0
"1751",0.0176154922890144,0.0167456265643064,1.05194584516546
"1752",0,0.0169461689299905,0
"1753",0,0,NA
"1754",0.0308629717253305,-4.79956840774919e-05,-643.036396262222
"1755",0.00378636301078955,0,Inf
"1756",0.0259229457597185,0,Inf
"1757",0,0.0242784350226405,0
"1758",0,0.0509840534869682,0
"1759",0,0,NA
"1760",0.0122413575629672,0.0221789357066338,0.551936203111213
"1761",0.00546065145882507,0.012212689139893,0.447129325595274
"1762",0,0.0293135953647237,0
"1763",0,0.0158428511100024,0
"1764",0,0.00891965356798785,0
"1765",0,0,NA
"1766",0.00686618405862556,0,Inf
"1767",0.019804569243659,0.0371255455129815,0.533448572135702
"1768",0,0,NA
"1769",0.00966218348159426,-1.06302258995794e-05,-908.934915670663
"1770",0.00793667457814508,0,Inf
"1771",0.0100417595627393,0,Inf
"1772",0,0,NA
"1773",0,0,NA
"1774",0,0.0269519411350608,0
"1775",0.0321948812957268,0,Inf
"1776",0,0,NA
"1777",0,0,NA
"1778",0,0.0796329544454191,0
"1779",0.0118348720429524,0.15657092926154,0.0755879274573576
"1780",0.00873384652019539,0,Inf
"1781",0.00917456933409831,0.0160824034889641,0.570472525477551
"1782",0,0,NA
"1783",0,0,NA
"1784",0,0,NA
"1785",0.00649359776340556,0,Inf
"1786",0.00546453526609512,0,Inf
"1787",0,0.0224171309910269,0
"1788",0,0.0172286050788236,0
"1789",0.00532202362452798,0.0251126228716569,0.211926235333014
"1790",0.00220295229029895,0.0291680478987724,0.0755262161507788
"1791",0,0,NA
"1792",0.0339112981693805,0,Inf
"1793",0.00694455608033355,0,Inf
"1794",0.00121432968006335,0.0193839699329087,0.0626460773652846
"1795",0,0.0153687873194229,0
"1796",0.0262179754697172,0.00822442971451763,3.1878168310488
"1797",0,0.0663866026655055,0
"1798",0.00479359503896692,0,Inf
"1799",0.0127743829665677,0.0601079118608556,0.212524151498379
"1800",0,0,NA
"1801",0,0,NA
"1802",0.0220316663616863,0.0638829466405705,0.344875550053205
"1803",0,0,NA
"1804",0,0,NA
"1805",0.00528817417442329,0,Inf
"1806",0,0.0278911672417091,0
"1807",0,0,NA
"1808",0,0,NA
"1809",0.0253275804390908,0,Inf
"1810",0,0,NA
"1811",0,0,NA
"1812",0,0,NA
"1813",0.0221879001381395,0.0441475530016733,0.502585050122677
"1814",0.0108074789163016,-7.96269707640243e-06,-1357.26360209403
"1815",0.00711755791093596,0.0137374542814449,0.518113310160355
"1816",0,0,NA
"1817",0,0.013143764381802,0
"1818",0,0,NA
"1819",0,0.0243240804867755,0
"1820",0,0,NA
"1821",0,0.0452700495823996,0
"1822",0.0178902930376353,-7.81977447813476e-06,-2287.8272369183
"1823",0.00970904292855087,0,Inf
"1824",0.00400803749411806,0,Inf
"1825",0.00632919843596173,0.0258448141467375,0.244892395047874
"1826",0.021444206731622,0,Inf
"1827",0.004791130004212,0.00543436368486717,0.881635879018117
"1828",0.00275389964221671,0.0132809525586284,0.207357087532667
"1829",0,0.0150110464813123,0
"1830",0,0.0196032840629761,0
"1831",0,0.0355565221479485,0
"1832",0.00774668738218231,0,Inf
"1833",0,0,NA
"1834",0,0,NA
"1835",0,0,NA
"1836",0,0.0360807749135467,0
"1837",0,0,NA
"1838",0,0,NA
"1839",0,0,NA
"1840",0.0163776216904758,0.0119471373377038,1.37084066480009
"1841",0,0.0151619630342878,0
"1842",0,0,NA
"1843",0,0.015615432892112,0
"1844",0,0.0298111478420883,0
"1845",0,0,NA
"1846",0,0,NA
"1847",0,0.00831609664396585,0
"1848",0,0,NA
"1849",0,0,NA
"1850",0,0,NA
"1851",0,0.00665665387262074,0
"1852",0,0.0137294500053511,0
"1853",0,0.00664736307366302,0
"1854",0.00254061311040524,0.0341776435387589,0.0743355260149542
"1855",0,0,NA
"1856",0,0,NA
"1857",0.010011814400431,0.0798283152893374,0.125416831911624
"1858",0,0,NA
"1859",0.0178217011358184,0,Inf
"1860",0,0,NA
"1861",0,0.0327623514012054,0
"1862",0.00625008138211573,0,Inf
"1863",0.0130726400521611,0,Inf
"1864",0,0,NA
"1865",0,0,NA
"1866",0,0,NA
"1867",0.0178590413010396,0,Inf
"1868",0,0,NA
"1869",0.00538438240490386,-5.65012483443892e-05,-95.296698085053
"1870",0.00203615120396142,0.036394744340137,0.0559462977657437
"1871",0.00894878472877133,0.0167137691618153,0.53541392382132
"1872",0.0229729313785137,0.053968789253878,0.425670682928336
"1873",0.0136208232545251,-0.000578116802411291,-23.5606770080258
"1874",0.0141853485646078,0.0251340067668609,0.564388666565934
"1875",0.00625008138211573,0.029762289762293,0.210000017876118
"1876",0.0155729494456665,0.0442785091417777,0.351704466738089
"1877",0,0,NA
"1878",0,0.0129549410628816,0
"1879",0.011287221500232,0.0553888273804419,0.203781557293225
"1880",0.0294202500114667,0,Inf
"1881",0,0.0146128395796071,0
"1882",0,0.0224470500361927,0
"1883",0,0,NA
"1884",0.00680565850517321,0.0157831270746861,0.431198359676677
"1885",0.00883550060545593,-1.82390607957387e-05,-484.427389348919
"1886",0,0,NA
"1887",0.00726305274680856,-3.767990703582e-05,-192.756652501929
"1888",0.00587862139468227,0,Inf
"1889",0,0,NA
"1890",0.00353983779403088,0.00688354802498249,0.514246109881668
"1891",0,0,NA
"1892",0,0.00878755553393619,0
"1893",0.0263908651866717,-0.000177475270343567,-148.701648041345
"1894",0.0215712036178728,0.0463394575511185,0.465504016616441
"1895",0,0,NA
"1896",0.00223661145860122,0.00530905830151798,0.421282143004857
"1897",0.00566510263300201,0.0145801041286179,0.388550217682088
"1898",0.0380660648203508,0.030872851395998,1.23299478665211
"1899",0.0035680156421538,0.00884038649843184,0.403604032785978
"1900",0.0103025267302572,-0.00026688022782895,-38.6035594096551
"1901",0.0086501696323374,0.0249155577417461,0.347179449964469
"1902",0,0,NA
"1903",0.00666961271627207,0.0110900217484417,0.601406639911167
"1904",0,0,NA
"1905",0.0186089203826872,0.0136114402046963,1.36715293185998
"1906",0,0,NA
"1907",0.00402740516994565,0.0371015288885123,0.108550922040106
"1908",0,0.0128043504422276,0
"1909",0,0.0131358134302317,0
"1910",0.0117886746326308,0,Inf
"1911",0.0262700776965294,0,Inf
"1912",0,0.00900041194929595,0
"1913",0.00588242078979322,0,Inf
"1914",0,0.0285818857640921,0
"1915",0.00320001092273375,0.00578412600716884,0.553240181622541
"1916",0.0305620146770311,0.00719685996097513,4.24657626280812
"1917",0.0169207174648889,-1.70920581629506e-05,-989.975420371954
"1918",0.00714297862373822,0.0126384982859406,0.565176214937201
"1919",0,0,NA
"1920",0,0,NA
"1921",0,0.0216106674474859,0
"1922",0,0.0323031784622062,0
"1923",0,0,NA
"1924",0,0,NA
"1925",0,0.014468151123327,0
"1926",0,0.0426143637660543,0
"1927",0.00969809763179234,0,Inf
"1928",0,0,NA
"1929",0.0246223092249656,0.0183535776451763,1.34155365787427
"1930",0,0.0071900074775628,0
"1931",0.00869587135593462,0,Inf
"1932",0,0.0190378193771111,0
"1933",0,0.0137865034166961,0
"1934",0.00689666106616788,0,Inf
"1935",0,0,NA
"1936",0,0,NA
"1937",0,0,NA
"1938",0,0,NA
"1939",0,0,NA
"1940",0.0468824665867529,0,Inf
"1941",0,0,NA
"1942",0.00790530301332112,0.0142412997806685,0.555097016077982
"1943",0.0284618493005774,-9.30965141849273e-07,-30572.4113837825
"1944",0.00731621198717737,-0.000149269946195724,-49.013295533612
"1945",0,0,NA
"1946",0.00641034421453073,0.0535632935686208,0.119677932170439
"1947",0.00611628421781723,0,Inf
"1948",0,0.0904063417774596,0
"1949",0.0181506679948318,-0.000152552881221083,-118.979516149075
"1950",0,0.0211328706709426,0
"1951",0.0226659527425547,0.0254967554108894,0.888974003840279
"1952",0,0,NA
"1953",0.00577642761926531,0,Inf
"1954",0.00884154830631066,0,Inf
"1955",0.00440531484107745,0,Inf
"1956",0,0.00657205952156196,0
"1957",0.0223918013134866,0,Inf
"1958",0,0.0120168323064835,0
"1959",0.00492614822150582,0.0180159671680155,0.273432348958285
"1960",0.0119766205112464,0.0118466308017634,1.01097271550521
"1961",0,0.0232794317170953,0
"1962",0,0.0349445729775174,0
"1963",0,0,NA
"1964",0.00538556822916112,0,Inf
"1965",0,0.0333469259758937,0
"1966",0,0,NA
"1967",0,0.0237477654477218,0
"1968",0.00487808747268233,0,Inf
"1969",0.00258814811602693,0.00971829939820045,0.266316976868009
"1970",0.0119053243468593,0.0382245094894215,0.311457871033089
"1971",0.0190499231161352,0.0407999007157903,0.466911016495746
"1972",0.0164957398454416,0,Inf
"1973",0,0,NA
